-- MySQL Script generated by MySQL Workbench
-- 11/13/17 22:14:13
-- Model: New Model    Version: 1.0
-- MySQL Workbench Forward Engineering

SET @OLD_UNIQUE_CHECKS=@@UNIQUE_CHECKS, UNIQUE_CHECKS=0;
SET @OLD_FOREIGN_KEY_CHECKS=@@FOREIGN_KEY_CHECKS, FOREIGN_KEY_CHECKS=0;
SET @OLD_SQL_MODE=@@SQL_MODE, SQL_MODE='TRADITIONAL,ALLOW_INVALID_DATES';

-- -----------------------------------------------------
-- Schema Wakas
-- -----------------------------------------------------
DROP SCHEMA IF EXISTS `Wakas` ;

-- -----------------------------------------------------
-- Schema Wakas
-- -----------------------------------------------------
CREATE SCHEMA IF NOT EXISTS `Wakas` DEFAULT CHARACTER SET utf8 COLLATE utf8_general_ci ;
USE `Wakas` ;

-- -----------------------------------------------------
-- Table `Wakas`.`Cliente`
-- -----------------------------------------------------
DROP TABLE IF EXISTS `Wakas`.`Cliente` ;

CREATE TABLE IF NOT EXISTS `Wakas`.`Cliente` (
  `idCliente` VARCHAR(45) NOT NULL,
  `nombre` VARCHAR(45) NULL,
  `estado` VARCHAR(45) NULL,
  PRIMARY KEY (`idCliente`),
  UNIQUE INDEX `idCliente_UNIQUE` (`idCliente` ASC))
ENGINE = InnoDB;


-- -----------------------------------------------------
-- Table `Wakas`.`TipoUsuario`
-- -----------------------------------------------------
DROP TABLE IF EXISTS `Wakas`.`TipoUsuario` ;

CREATE TABLE IF NOT EXISTS `Wakas`.`TipoUsuario` (
  `idTipoUsuario` INT NOT NULL AUTO_INCREMENT,
  `Descripcion` VARCHAR(45) NULL,
  PRIMARY KEY (`idTipoUsuario`),
  UNIQUE INDEX `idTipoUsuario_UNIQUE` (`idTipoUsuario` ASC))
ENGINE = InnoDB;


-- -----------------------------------------------------
-- Table `Wakas`.`Empleado`
-- -----------------------------------------------------
DROP TABLE IF EXISTS `Wakas`.`Empleado` ;

CREATE TABLE IF NOT EXISTS `Wakas`.`Empleado` (
  `idEmpleado` VARCHAR(45) NOT NULL,
  `idTipoUsuario` INT NOT NULL,
  `nombres` VARCHAR(45) NULL,
  `apellidos` VARCHAR(45) NULL,
  `usuario` VARCHAR(45) NULL,
  `contrasena` VARCHAR(45) NULL,
  `estado` VARCHAR(45) NULL,
  PRIMARY KEY (`idEmpleado`, `idTipoUsuario`),
  INDEX `fk_Empleado_TipoUsuario1_idx` (`idTipoUsuario` ASC),
  UNIQUE INDEX `idEmpleado_UNIQUE` (`idEmpleado` ASC),
  CONSTRAINT `fk_Empleado_TipoUsuario1`
    FOREIGN KEY (`idTipoUsuario`)
    REFERENCES `Wakas`.`TipoUsuario` (`idTipoUsuario`)
    ON DELETE NO ACTION
    ON UPDATE NO ACTION)
ENGINE = InnoDB;


-- -----------------------------------------------------
-- Table `Wakas`.`Genero`
-- -----------------------------------------------------
DROP TABLE IF EXISTS `Wakas`.`Genero` ;

CREATE TABLE IF NOT EXISTS `Wakas`.`Genero` (
  `idgenero` INT NOT NULL AUTO_INCREMENT,
  `descripcion` VARCHAR(45) NULL,
  PRIMARY KEY (`idgenero`),
  UNIQUE INDEX `idgenero_UNIQUE` (`idgenero` ASC))
ENGINE = InnoDB;


-- -----------------------------------------------------
-- Table `Wakas`.`codificacionTalla`
-- -----------------------------------------------------
DROP TABLE IF EXISTS `Wakas`.`codificacionTalla` ;

CREATE TABLE IF NOT EXISTS `Wakas`.`codificacionTalla` (
  `idcodificacionTalla` INT NOT NULL AUTO_INCREMENT,
  `descripcion` VARCHAR(45) NOT NULL,
  PRIMARY KEY (`idcodificacionTalla`),
  UNIQUE INDEX `idcodificacionTalla_UNIQUE` (`idcodificacionTalla` ASC))
ENGINE = InnoDB;


-- -----------------------------------------------------
-- Table `Wakas`.`TipoProducto`
-- -----------------------------------------------------
DROP TABLE IF EXISTS `Wakas`.`TipoProducto` ;

CREATE TABLE IF NOT EXISTS `Wakas`.`TipoProducto` (
  `idTipoProducto` INT NOT NULL AUTO_INCREMENT,
  `descripcion` VARCHAR(45) NOT NULL,
  `tamanoLote` VARCHAR(45) NULL,
  `digitoID` VARCHAR(45) NULL,
  PRIMARY KEY (`idTipoProducto`),
  UNIQUE INDEX `idTipoProducto_UNIQUE` (`idTipoProducto` ASC))
ENGINE = InnoDB;


-- -----------------------------------------------------
-- Table `Wakas`.`Producto`
-- -----------------------------------------------------
DROP TABLE IF EXISTS `Wakas`.`Producto` ;

CREATE TABLE IF NOT EXISTS `Wakas`.`Producto` (
  `idProducto` VARCHAR(45) NOT NULL,
  `idCorto` VARCHAR(45) NOT NULL,
  `idTipoProducto` INT NOT NULL,
  `idCliente` VARCHAR(45) NOT NULL,
  `creador` VARCHAR(45) NOT NULL,
  `idgenero` INT NOT NULL,
  `idcodificacionTalla` INT NOT NULL,
  `idProvisional` VARCHAR(45) NULL,
  `fechaCreacion` VARCHAR(45) NULL,
  `observaciones` VARCHAR(600) NULL,
  `descripcionGeneral` VARCHAR(600) NULL,
  `estado` VARCHAR(45) NULL,
  PRIMARY KEY (`idProducto`, `idTipoProducto`, `idCliente`, `creador`, `idgenero`, `idcodificacionTalla`),
  UNIQUE INDEX `idProducto_UNIQUE` (`idProducto` ASC),
  INDEX `fk_Producto_Cliente1_idx` (`idCliente` ASC),
  INDEX `fk_Producto_Empleado1_idx` (`creador` ASC),
  INDEX `fk_Producto_genero1_idx` (`idgenero` ASC),
  INDEX `fk_Producto_codificacionTalla1_idx` (`idcodificacionTalla` ASC),
  INDEX `fk_Producto_TipoProducto1_idx` (`idTipoProducto` ASC),
  UNIQUE INDEX `idCorto_UNIQUE` (`idCorto` ASC),
  CONSTRAINT `fk_Producto_Cliente1`
    FOREIGN KEY (`idCliente`)
    REFERENCES `Wakas`.`Cliente` (`idCliente`)
    ON DELETE NO ACTION
    ON UPDATE NO ACTION,
  CONSTRAINT `fk_Producto_Empleado1`
    FOREIGN KEY (`creador`)
    REFERENCES `Wakas`.`Empleado` (`idEmpleado`)
    ON DELETE NO ACTION
    ON UPDATE NO ACTION,
  CONSTRAINT `fk_Producto_genero1`
    FOREIGN KEY (`idgenero`)
    REFERENCES `Wakas`.`Genero` (`idgenero`)
    ON DELETE NO ACTION
    ON UPDATE NO ACTION,
  CONSTRAINT `fk_Producto_codificacionTalla1`
    FOREIGN KEY (`idcodificacionTalla`)
    REFERENCES `Wakas`.`codificacionTalla` (`idcodificacionTalla`)
    ON DELETE NO ACTION
    ON UPDATE NO ACTION,
  CONSTRAINT `fk_Producto_TipoProducto1`
    FOREIGN KEY (`idTipoProducto`)
    REFERENCES `Wakas`.`TipoProducto` (`idTipoProducto`)
    ON DELETE NO ACTION
    ON UPDATE NO ACTION)
ENGINE = InnoDB;


-- -----------------------------------------------------
-- Table `Wakas`.`UnidadMedida`
-- -----------------------------------------------------
DROP TABLE IF EXISTS `Wakas`.`UnidadMedida` ;

CREATE TABLE IF NOT EXISTS `Wakas`.`UnidadMedida` (
  `idUnidadMedida` VARCHAR(45) NOT NULL,
  PRIMARY KEY (`idUnidadMedida`),
  UNIQUE INDEX `idUnidadMedida_UNIQUE` (`idUnidadMedida` ASC))
ENGINE = InnoDB;


-- -----------------------------------------------------
-- Table `Wakas`.`Medida`
-- -----------------------------------------------------
DROP TABLE IF EXISTS `Wakas`.`Medida` ;

CREATE TABLE IF NOT EXISTS `Wakas`.`Medida` (
  `idMedida` VARCHAR(10) NOT NULL,
  `idUnidadMedida` VARCHAR(45) NOT NULL,
  `descripcion` VARCHAR(45) NULL,
  PRIMARY KEY (`idMedida`, `idUnidadMedida`),
  INDEX `fk_Medida_UnidadMedida1_idx` (`idUnidadMedida` ASC),
  UNIQUE INDEX `idMedida_UNIQUE` (`idMedida` ASC),
  CONSTRAINT `fk_Medida_UnidadMedida1`
    FOREIGN KEY (`idUnidadMedida`)
    REFERENCES `Wakas`.`UnidadMedida` (`idUnidadMedida`)
    ON DELETE NO ACTION
    ON UPDATE NO ACTION)
ENGINE = InnoDB;


-- -----------------------------------------------------
-- Table `Wakas`.`Talla`
-- -----------------------------------------------------
DROP TABLE IF EXISTS `Wakas`.`Talla` ;

CREATE TABLE IF NOT EXISTS `Wakas`.`Talla` (
  `idTalla` INT NOT NULL AUTO_INCREMENT,
  `descripcion` VARCHAR(45) NULL,
  `idcodificacionTalla` INT NOT NULL,
  PRIMARY KEY (`idTalla`, `idcodificacionTalla`),
  INDEX `fk_Talla_codificacionTalla1_idx` (`idcodificacionTalla` ASC),
  UNIQUE INDEX `idTalla_UNIQUE` (`idTalla` ASC),
  CONSTRAINT `fk_Talla_codificacionTalla1`
    FOREIGN KEY (`idcodificacionTalla`)
    REFERENCES `Wakas`.`codificacionTalla` (`idcodificacionTalla`)
    ON DELETE NO ACTION
    ON UPDATE NO ACTION)
ENGINE = InnoDB;


-- -----------------------------------------------------
-- Table `Wakas`.`Color`
-- -----------------------------------------------------
DROP TABLE IF EXISTS `Wakas`.`Color` ;

CREATE TABLE IF NOT EXISTS `Wakas`.`Color` (
  `idColor` VARCHAR(45) NOT NULL,
  `descripcion` VARCHAR(45) NULL,
  PRIMARY KEY (`idColor`),
  UNIQUE INDEX `idColor_UNIQUE` (`idColor` ASC))
ENGINE = InnoDB;


-- -----------------------------------------------------
-- Table `Wakas`.`Material`
-- -----------------------------------------------------
DROP TABLE IF EXISTS `Wakas`.`Material` ;

CREATE TABLE IF NOT EXISTS `Wakas`.`Material` (
  `idMaterial` INT NOT NULL AUTO_INCREMENT,
  `idUnidadMedida` VARCHAR(45) NOT NULL,
  `material` VARCHAR(45) NULL,
  `estado` VARCHAR(45) NULL,
  PRIMARY KEY (`idMaterial`, `idUnidadMedida`),
  INDEX `fk_Material_UnidadMedida1_idx` (`idUnidadMedida` ASC),
  UNIQUE INDEX `idMaterial_UNIQUE` (`idMaterial` ASC),
  CONSTRAINT `fk_Material_UnidadMedida1`
    FOREIGN KEY (`idUnidadMedida`)
    REFERENCES `Wakas`.`UnidadMedida` (`idUnidadMedida`)
    ON DELETE NO ACTION
    ON UPDATE NO ACTION)
ENGINE = InnoDB;


-- -----------------------------------------------------
-- Table `Wakas`.`ComponentesPrenda`
-- -----------------------------------------------------
DROP TABLE IF EXISTS `Wakas`.`ComponentesPrenda` ;

CREATE TABLE IF NOT EXISTS `Wakas`.`ComponentesPrenda` (
  `idComponente` INT NOT NULL AUTO_INCREMENT,
  `descripcion` VARCHAR(100) NULL,
  `tipo` VARCHAR(45) NOT NULL DEFAULT '1',
  PRIMARY KEY (`idComponente`),
  UNIQUE INDEX `idComponente_UNIQUE` (`idComponente` ASC))
ENGINE = InnoDB;


-- -----------------------------------------------------
-- Table `Wakas`.`Incoterms`
-- -----------------------------------------------------
DROP TABLE IF EXISTS `Wakas`.`Incoterms` ;

CREATE TABLE IF NOT EXISTS `Wakas`.`Incoterms` (
  `idIncoterm` INT NOT NULL AUTO_INCREMENT,
  `descripcion` VARCHAR(45) NULL,
  PRIMARY KEY (`idIncoterm`),
  UNIQUE INDEX `idIncoterm_UNIQUE` (`idIncoterm` ASC))
ENGINE = InnoDB;


-- -----------------------------------------------------
-- Table `Wakas`.`Via`
-- -----------------------------------------------------
DROP TABLE IF EXISTS `Wakas`.`Via` ;

CREATE TABLE IF NOT EXISTS `Wakas`.`Via` (
  `idVia` INT NOT NULL AUTO_INCREMENT,
  `descripcion` VARCHAR(45) NULL,
  PRIMARY KEY (`idVia`),
  UNIQUE INDEX `idVia_UNIQUE` (`idVia` ASC))
ENGINE = InnoDB;


-- -----------------------------------------------------
-- Table `Wakas`.`MetodoPago`
-- -----------------------------------------------------
DROP TABLE IF EXISTS `Wakas`.`MetodoPago` ;

CREATE TABLE IF NOT EXISTS `Wakas`.`MetodoPago` (
  `idMetodoPago` INT NOT NULL AUTO_INCREMENT,
  `descripcion` VARCHAR(60) NULL,
  PRIMARY KEY (`idMetodoPago`),
  UNIQUE INDEX `idMetodoPago_UNIQUE` (`idMetodoPago` ASC))
ENGINE = InnoDB;


-- -----------------------------------------------------
-- Table `Wakas`.`Pais`
-- -----------------------------------------------------
DROP TABLE IF EXISTS `Wakas`.`Pais` ;

CREATE TABLE IF NOT EXISTS `Wakas`.`Pais` (
  `idPais` INT NOT NULL AUTO_INCREMENT,
  `pais` VARCHAR(45) NULL,
  PRIMARY KEY (`idPais`),
  UNIQUE INDEX `idPais_UNIQUE` (`idPais` ASC))
ENGINE = InnoDB;


-- -----------------------------------------------------
-- Table `Wakas`.`Ciudad`
-- -----------------------------------------------------
DROP TABLE IF EXISTS `Wakas`.`Ciudad` ;

CREATE TABLE IF NOT EXISTS `Wakas`.`Ciudad` (
  `idCiudad` INT NOT NULL AUTO_INCREMENT,
  `idPais` INT NOT NULL,
  `nombre` VARCHAR(45) NULL,
  PRIMARY KEY (`idCiudad`, `idPais`),
  INDEX `fk_Ciudad_Pais1_idx` (`idPais` ASC),
  UNIQUE INDEX `idCiudad_UNIQUE` (`idCiudad` ASC),
  CONSTRAINT `fk_Ciudad_Pais1`
    FOREIGN KEY (`idPais`)
    REFERENCES `Wakas`.`Pais` (`idPais`)
    ON DELETE NO ACTION
    ON UPDATE NO ACTION)
ENGINE = InnoDB;


-- -----------------------------------------------------
-- Table `Wakas`.`Direccion`
-- -----------------------------------------------------
DROP TABLE IF EXISTS `Wakas`.`Direccion` ;

CREATE TABLE IF NOT EXISTS `Wakas`.`Direccion` (
  `idDireccion` INT NOT NULL AUTO_INCREMENT,
  `idCiudad` INT NOT NULL,
  `direccion` VARCHAR(45) NULL,
  PRIMARY KEY (`idDireccion`, `idCiudad`),
  INDEX `fk_Direccion_Ciudad1_idx` (`idCiudad` ASC),
  UNIQUE INDEX `idDireccion_UNIQUE` (`idDireccion` ASC),
  CONSTRAINT `fk_Direccion_Ciudad1`
    FOREIGN KEY (`idCiudad`)
    REFERENCES `Wakas`.`Ciudad` (`idCiudad`)
    ON DELETE NO ACTION
    ON UPDATE NO ACTION)
ENGINE = InnoDB;


-- -----------------------------------------------------
-- Table `Wakas`.`Contacto`
-- -----------------------------------------------------
DROP TABLE IF EXISTS `Wakas`.`Contacto` ;

CREATE TABLE IF NOT EXISTS `Wakas`.`Contacto` (
  `idContacto` INT NOT NULL AUTO_INCREMENT,
  `idCliente` VARCHAR(45) NOT NULL,
  `idDireccion` INT NOT NULL,
  `nombre` VARCHAR(45) NULL,
  `apellido` VARCHAR(45) NULL,
  `estado` VARCHAR(45) NULL,
  PRIMARY KEY (`idContacto`, `idCliente`, `idDireccion`),
  INDEX `fk_Contacto_Cliente1_idx` (`idCliente` ASC),
  INDEX `fk_Contacto_Direccion1_idx` (`idDireccion` ASC),
  CONSTRAINT `fk_Contacto_Cliente1`
    FOREIGN KEY (`idCliente`)
    REFERENCES `Wakas`.`Cliente` (`idCliente`)
    ON DELETE NO ACTION
    ON UPDATE NO ACTION,
  CONSTRAINT `fk_Contacto_Direccion1`
    FOREIGN KEY (`idDireccion`)
    REFERENCES `Wakas`.`Direccion` (`idDireccion`)
    ON DELETE NO ACTION
    ON UPDATE NO ACTION)
ENGINE = InnoDB;


-- -----------------------------------------------------
-- Table `Wakas`.`ConfirmacionVenta`
-- -----------------------------------------------------
DROP TABLE IF EXISTS `Wakas`.`ConfirmacionVenta` ;

CREATE TABLE IF NOT EXISTS `Wakas`.`ConfirmacionVenta` (
  `idContrato` VARCHAR(45) NOT NULL,
  `idContacto` INT NOT NULL,
  `idIncoterm` INT NOT NULL,
  `idVia` INT NOT NULL,
  `idMetodoPago` INT NOT NULL,
  `idcodificacionTalla` INT NOT NULL,
  `fecha` VARCHAR(45) NULL,
  `shipdate` VARCHAR(45) NULL,
  `reference` VARCHAR(45) NULL,
  `estado` VARCHAR(45) NULL,
  PRIMARY KEY (`idContrato`, `idContacto`, `idIncoterm`, `idVia`, `idMetodoPago`, `idcodificacionTalla`),
  INDEX `fk_ConfirmacionVenta_Inconterms1_idx` (`idIncoterm` ASC),
  INDEX `fk_ConfirmacionVenta_Via1_idx` (`idVia` ASC),
  INDEX `fk_ConfirmacionVenta_MetodoPago1_idx` (`idMetodoPago` ASC),
  INDEX `fk_ConfirmacionVenta_codificacionTalla1_idx` (`idcodificacionTalla` ASC),
  UNIQUE INDEX `idContrato_UNIQUE` (`idContrato` ASC),
  INDEX `fk_ConfirmacionVenta_Contacto1_idx` (`idContacto` ASC),
  CONSTRAINT `fk_ConfirmacionVenta_Inconterms1`
    FOREIGN KEY (`idIncoterm`)
    REFERENCES `Wakas`.`Incoterms` (`idIncoterm`)
    ON DELETE NO ACTION
    ON UPDATE NO ACTION,
  CONSTRAINT `fk_ConfirmacionVenta_Via1`
    FOREIGN KEY (`idVia`)
    REFERENCES `Wakas`.`Via` (`idVia`)
    ON DELETE NO ACTION
    ON UPDATE NO ACTION,
  CONSTRAINT `fk_ConfirmacionVenta_MetodoPago1`
    FOREIGN KEY (`idMetodoPago`)
    REFERENCES `Wakas`.`MetodoPago` (`idMetodoPago`)
    ON DELETE NO ACTION
    ON UPDATE NO ACTION,
  CONSTRAINT `fk_ConfirmacionVenta_codificacionTalla1`
    FOREIGN KEY (`idcodificacionTalla`)
    REFERENCES `Wakas`.`codificacionTalla` (`idcodificacionTalla`)
    ON DELETE NO ACTION
    ON UPDATE NO ACTION,
  CONSTRAINT `fk_ConfirmacionVenta_Contacto1`
    FOREIGN KEY (`idContacto`)
    REFERENCES `Wakas`.`Contacto` (`idContacto`)
    ON DELETE NO ACTION
    ON UPDATE NO ACTION)
ENGINE = InnoDB;


-- -----------------------------------------------------
-- Table `Wakas`.`OrdenProduccion`
-- -----------------------------------------------------
DROP TABLE IF EXISTS `Wakas`.`OrdenProduccion` ;

CREATE TABLE IF NOT EXISTS `Wakas`.`OrdenProduccion` (
  `idOrdenProduccion` VARCHAR(45) NOT NULL,
  `idContrato` VARCHAR(45) NOT NULL,
  `idEmpleado` VARCHAR(45) NOT NULL,
  `fechaCreacion` VARCHAR(45) NULL,
  `fechaDespacho` VARCHAR(45) NULL,
  `Observacion` VARCHAR(600) NULL,
  PRIMARY KEY (`idOrdenProduccion`, `idContrato`, `idEmpleado`),
  INDEX `fk_OrdenProduccion_Empleado1_idx` (`idEmpleado` ASC),
  INDEX `fk_OrdenProduccion_ConfirmacionVenta1_idx` (`idContrato` ASC),
  UNIQUE INDEX `idOrdenProduccion_UNIQUE` (`idOrdenProduccion` ASC),
  CONSTRAINT `fk_OrdenProduccion_Empleado1`
    FOREIGN KEY (`idEmpleado`)
    REFERENCES `Wakas`.`Empleado` (`idEmpleado`)
    ON DELETE NO ACTION
    ON UPDATE NO ACTION,
  CONSTRAINT `fk_OrdenProduccion_ConfirmacionVenta1`
    FOREIGN KEY (`idContrato`)
    REFERENCES `Wakas`.`ConfirmacionVenta` (`idContrato`)
    ON DELETE NO ACTION
    ON UPDATE NO ACTION)
ENGINE = InnoDB;


-- -----------------------------------------------------
-- Table `Wakas`.`TallaMedida`
-- -----------------------------------------------------
DROP TABLE IF EXISTS `Wakas`.`TallaMedida` ;

CREATE TABLE IF NOT EXISTS `Wakas`.`TallaMedida` (
  `idProducto` VARCHAR(45) NOT NULL,
  `idTalla` INT NOT NULL,
  `idMedida` VARCHAR(10) NOT NULL,
  `valor` VARCHAR(45) NULL,
  PRIMARY KEY (`idProducto`, `idTalla`, `idMedida`),
  INDEX `fk_Talla_has_Medida_Medida1_idx` (`idMedida` ASC),
  INDEX `fk_Talla_has_Medida_Talla1_idx` (`idTalla` ASC),
  INDEX `fk_Talla_has_Medida_Producto1_idx` (`idProducto` ASC),
  CONSTRAINT `fk_Talla_has_Medida_Talla1`
    FOREIGN KEY (`idTalla`)
    REFERENCES `Wakas`.`Talla` (`idTalla`)
    ON DELETE NO ACTION
    ON UPDATE NO ACTION,
  CONSTRAINT `fk_Talla_has_Medida_Medida1`
    FOREIGN KEY (`idMedida`)
    REFERENCES `Wakas`.`Medida` (`idMedida`)
    ON DELETE NO ACTION
    ON UPDATE NO ACTION,
  CONSTRAINT `fk_Talla_has_Medida_Producto1`
    FOREIGN KEY (`idProducto`)
    REFERENCES `Wakas`.`Producto` (`idProducto`)
    ON DELETE NO ACTION
    ON UPDATE NO ACTION)
ENGINE = InnoDB;


-- -----------------------------------------------------
-- Table `Wakas`.`ConfirmacionVentaProducto`
-- -----------------------------------------------------
DROP TABLE IF EXISTS `Wakas`.`ConfirmacionVentaProducto` ;

CREATE TABLE IF NOT EXISTS `Wakas`.`ConfirmacionVentaProducto` (
  `idProducto` VARCHAR(45) NOT NULL,
  `idTalla` INT NOT NULL,
  `idContrato` VARCHAR(45) NOT NULL,
  `idMaterial` INT NOT NULL,
  `cantidad` INT NULL,
  `cantidadop` INT NULL,
  `codigoCliente` VARCHAR(45) NULL,
  `estado` INT NULL,
  PRIMARY KEY (`idProducto`, `idTalla`, `idContrato`, `idMaterial`),
  INDEX `fk_ConfirmacionVenta_has_Producto_Producto1_idx` (`idProducto` ASC),
  INDEX `fk_ConfirmacionVenta_has_Producto_ConfirmacionVenta1_idx` (`idContrato` ASC),
  INDEX `fk_ConfirmacionVentaProducto_TallaMedida1_idx` (`idTalla` ASC),
  INDEX `fk_ConfirmacionVentaProducto_Material1_idx` (`idMaterial` ASC),
  CONSTRAINT `fk_ConfirmacionVenta_has_Producto_ConfirmacionVenta1`
    FOREIGN KEY (`idContrato`)
    REFERENCES `Wakas`.`ConfirmacionVenta` (`idContrato`)
    ON DELETE NO ACTION
    ON UPDATE NO ACTION,
  CONSTRAINT `fk_ConfirmacionVenta_has_Producto_Producto1`
    FOREIGN KEY (`idProducto`)
    REFERENCES `Wakas`.`Producto` (`idProducto`)
    ON DELETE NO ACTION
    ON UPDATE NO ACTION,
  CONSTRAINT `fk_ConfirmacionVentaProducto_TallaMedida1`
    FOREIGN KEY (`idTalla`)
    REFERENCES `Wakas`.`TallaMedida` (`idTalla`)
    ON DELETE NO ACTION
    ON UPDATE NO ACTION,
  CONSTRAINT `fk_ConfirmacionVentaProducto_Material1`
    FOREIGN KEY (`idMaterial`)
    REFERENCES `Wakas`.`Material` (`idMaterial`)
    ON DELETE NO ACTION
    ON UPDATE NO ACTION)
ENGINE = InnoDB;


-- -----------------------------------------------------
-- Table `Wakas`.`Lote`
-- -----------------------------------------------------
DROP TABLE IF EXISTS `Wakas`.`Lote` ;

CREATE TABLE IF NOT EXISTS `Wakas`.`Lote` (
  `idLote` VARCHAR(45) NOT NULL,
  `idOrdenProduccion` VARCHAR(45) NOT NULL,
  `idProducto` VARCHAR(45) NOT NULL,
  `idColor` VARCHAR(45) NOT NULL,
  `idTalla` INT NOT NULL,
  `cantidad` INT NULL,
  `material` VARCHAR(45) NULL,
  `estado` INT NULL,
  `posicion` INT NULL,
  PRIMARY KEY (`idLote`, `idOrdenProduccion`, `idProducto`, `idColor`, `idTalla`),
  INDEX `fk_Lote_OrdenProduccion1_idx` (`idOrdenProduccion` ASC),
  INDEX `fk_Lote_ConfirmacionVentaProducto1_idx` (`idProducto` ASC, `idColor` ASC, `idTalla` ASC),
  UNIQUE INDEX `idLote_UNIQUE` (`idLote` ASC),
  CONSTRAINT `fk_Lote_OrdenProduccion1`
    FOREIGN KEY (`idOrdenProduccion`)
    REFERENCES `Wakas`.`OrdenProduccion` (`idOrdenProduccion`)
    ON DELETE NO ACTION
    ON UPDATE NO ACTION,
  CONSTRAINT `fk_Lote_ConfirmacionVentaProducto1`
    FOREIGN KEY (`idProducto` , `idTalla`)
    REFERENCES `Wakas`.`ConfirmacionVentaProducto` (`idProducto` , `idTalla`)
    ON DELETE NO ACTION
    ON UPDATE NO ACTION)
ENGINE = InnoDB;


-- -----------------------------------------------------
-- Table `Wakas`.`Proceso`
-- -----------------------------------------------------
DROP TABLE IF EXISTS `Wakas`.`Proceso` ;

CREATE TABLE IF NOT EXISTS `Wakas`.`Proceso` (
  `idProceso` VARCHAR(45) NOT NULL,
  `descripcion` VARCHAR(45) NULL,
  `tipo` VARCHAR(45) NULL,
  `estado` VARCHAR(45) NULL,
  PRIMARY KEY (`idProceso`),
  UNIQUE INDEX `idProceso_UNIQUE` (`idProceso` ASC))
ENGINE = InnoDB;


-- -----------------------------------------------------
-- Table `Wakas`.`SubProceso`
-- -----------------------------------------------------
DROP TABLE IF EXISTS `Wakas`.`SubProceso` ;

CREATE TABLE IF NOT EXISTS `Wakas`.`SubProceso` (
  `idProcedimiento` VARCHAR(45) NOT NULL,
  `idProceso` VARCHAR(45) NOT NULL,
  `descripcion` VARCHAR(45) NULL,
  `tipo` VARCHAR(45) NULL,
  `estado` VARCHAR(45) NULL,
  PRIMARY KEY (`idProcedimiento`, `idProceso`),
  INDEX `fk_SubProceso_Proceso1_idx` (`idProceso` ASC),
  UNIQUE INDEX `idProcedimiento_UNIQUE` (`idProcedimiento` ASC),
  CONSTRAINT `fk_SubProceso_Proceso1`
    FOREIGN KEY (`idProceso`)
    REFERENCES `Wakas`.`Proceso` (`idProceso`)
    ON DELETE NO ACTION
    ON UPDATE NO ACTION)
ENGINE = InnoDB;


-- -----------------------------------------------------
-- Table `Wakas`.`Insumos`
-- -----------------------------------------------------
DROP TABLE IF EXISTS `Wakas`.`Insumos` ;

CREATE TABLE IF NOT EXISTS `Wakas`.`Insumos` (
  `idInsumo` INT NOT NULL AUTO_INCREMENT,
  `idUnidadMedida` VARCHAR(45) NOT NULL,
  `idProcedimiento` VARCHAR(45) NULL,
  `descripcion` VARCHAR(100) NULL,
  `tipoInsumo` VARCHAR(45) NULL,
  `estado` VARCHAR(45) NULL,
  PRIMARY KEY (`idInsumo`, `idUnidadMedida`),
  INDEX `fk_Insumos_UnidadMedida1_idx` (`idUnidadMedida` ASC),
  INDEX `fk_Insumos_SubProceso1_idx` (`idProcedimiento` ASC),
  UNIQUE INDEX `idInsumo_UNIQUE` (`idInsumo` ASC),
  CONSTRAINT `fk_Insumos_UnidadMedida1`
    FOREIGN KEY (`idUnidadMedida`)
    REFERENCES `Wakas`.`UnidadMedida` (`idUnidadMedida`)
    ON DELETE NO ACTION
    ON UPDATE NO ACTION,
  CONSTRAINT `fk_Insumos_SubProceso1`
    FOREIGN KEY (`idProcedimiento`)
    REFERENCES `Wakas`.`SubProceso` (`idProcedimiento`)
    ON DELETE NO ACTION
    ON UPDATE NO ACTION)
ENGINE = InnoDB;


-- -----------------------------------------------------
-- Table `Wakas`.`Telefono`
-- -----------------------------------------------------
DROP TABLE IF EXISTS `Wakas`.`Telefono` ;

CREATE TABLE IF NOT EXISTS `Wakas`.`Telefono` (
  `numTelefono` VARCHAR(15) NOT NULL,
  PRIMARY KEY (`numTelefono`),
  UNIQUE INDEX `numTelefono_UNIQUE` (`numTelefono` ASC))
ENGINE = InnoDB;


-- -----------------------------------------------------
-- Table `Wakas`.`ProductoComponentesPrenda`
-- -----------------------------------------------------
DROP TABLE IF EXISTS `Wakas`.`ProductoComponentesPrenda` ;

CREATE TABLE IF NOT EXISTS `Wakas`.`ProductoComponentesPrenda` (
  `idComponenteEspecifico` VARCHAR(45) NOT NULL,
  `idProducto` VARCHAR(45) NOT NULL,
  `idComponente` INT NOT NULL,
  `cantidadMaterial` VARCHAR(45) NULL,
  `tipoComponente` VARCHAR(45) NOT NULL DEFAULT '1',
  `estado` VARCHAR(45) NOT NULL DEFAULT '1',
  PRIMARY KEY (`idComponenteEspecifico`, `idProducto`, `idComponente`),
  INDEX `fk_Producto_has_ComponentesPrenda_ComponentesPrenda1_idx` (`idComponente` ASC),
  INDEX `fk_Producto_has_ComponentesPrenda_Producto1_idx` (`idProducto` ASC),
  UNIQUE INDEX `idComponenteEspecifico_UNIQUE` (`idComponenteEspecifico` ASC),
  CONSTRAINT `fk_Producto_has_ComponentesPrenda_Producto1`
    FOREIGN KEY (`idProducto`)
    REFERENCES `Wakas`.`Producto` (`idProducto`)
    ON DELETE NO ACTION
    ON UPDATE NO ACTION,
  CONSTRAINT `fk_Producto_has_ComponentesPrenda_ComponentesPrenda1`
    FOREIGN KEY (`idComponente`)
    REFERENCES `Wakas`.`ComponentesPrenda` (`idComponente`)
    ON DELETE NO ACTION
    ON UPDATE NO ACTION)
ENGINE = InnoDB;


-- -----------------------------------------------------
-- Table `Wakas`.`Maquina`
-- -----------------------------------------------------
DROP TABLE IF EXISTS `Wakas`.`Maquina` ;

CREATE TABLE IF NOT EXISTS `Wakas`.`Maquina` (
  `idMaquina` INT NOT NULL AUTO_INCREMENT,
  `descripcion` VARCHAR(45) NULL,
  `costoFijo` VARCHAR(45) NULL,
  `estado` VARCHAR(45) NULL,
  PRIMARY KEY (`idMaquina`),
  UNIQUE INDEX `idMaquina_UNIQUE` (`idMaquina` ASC))
ENGINE = InnoDB;


-- -----------------------------------------------------
-- Table `Wakas`.`Proveedor`
-- -----------------------------------------------------
DROP TABLE IF EXISTS `Wakas`.`Proveedor` ;

CREATE TABLE IF NOT EXISTS `Wakas`.`Proveedor` (
  `idProveedor` VARCHAR(45) NOT NULL,
  `nombre` VARCHAR(45) NULL,
  `Direccion` VARCHAR(45) NULL,
  `estado` VARCHAR(45) NULL,
  PRIMARY KEY (`idProveedor`),
  UNIQUE INDEX `idProveedor_UNIQUE` (`idProveedor` ASC))
ENGINE = InnoDB;


-- -----------------------------------------------------
-- Table `Wakas`.`MaterialProveedor`
-- -----------------------------------------------------
DROP TABLE IF EXISTS `Wakas`.`MaterialProveedor` ;

CREATE TABLE IF NOT EXISTS `Wakas`.`MaterialProveedor` (
  `idMaterial` INT NOT NULL,
  `idProveedor` VARCHAR(45) NOT NULL,
  `costo` VARCHAR(45) NULL,
  PRIMARY KEY (`idMaterial`, `idProveedor`),
  INDEX `fk_Material_has_Proveedor_Proveedor1_idx` (`idProveedor` ASC),
  INDEX `fk_Material_has_Proveedor_Material1_idx` (`idMaterial` ASC),
  CONSTRAINT `fk_Material_has_Proveedor_Material1`
    FOREIGN KEY (`idMaterial`)
    REFERENCES `Wakas`.`Material` (`idMaterial`)
    ON DELETE NO ACTION
    ON UPDATE NO ACTION,
  CONSTRAINT `fk_Material_has_Proveedor_Proveedor1`
    FOREIGN KEY (`idProveedor`)
    REFERENCES `Wakas`.`Proveedor` (`idProveedor`)
    ON DELETE NO ACTION
    ON UPDATE NO ACTION)
ENGINE = InnoDB;


-- -----------------------------------------------------
-- Table `Wakas`.`ProveedorInsumos`
-- -----------------------------------------------------
DROP TABLE IF EXISTS `Wakas`.`ProveedorInsumos` ;

CREATE TABLE IF NOT EXISTS `Wakas`.`ProveedorInsumos` (
  `idProveedor` VARCHAR(45) NOT NULL,
  `idInsumo` INT NOT NULL,
  `costo` VARCHAR(45) NULL,
  PRIMARY KEY (`idProveedor`, `idInsumo`),
  INDEX `fk_Proveedor_has_Insumos_Insumos1_idx` (`idInsumo` ASC),
  INDEX `fk_Proveedor_has_Insumos_Proveedor1_idx` (`idProveedor` ASC),
  CONSTRAINT `fk_Proveedor_has_Insumos_Proveedor1`
    FOREIGN KEY (`idProveedor`)
    REFERENCES `Wakas`.`Proveedor` (`idProveedor`)
    ON DELETE NO ACTION
    ON UPDATE NO ACTION,
  CONSTRAINT `fk_Proveedor_has_Insumos_Insumos1`
    FOREIGN KEY (`idInsumo`)
    REFERENCES `Wakas`.`Insumos` (`idInsumo`)
    ON DELETE NO ACTION
    ON UPDATE NO ACTION)
ENGINE = InnoDB;


-- -----------------------------------------------------
-- Table `Wakas`.`Galgas`
-- -----------------------------------------------------
DROP TABLE IF EXISTS `Wakas`.`Galgas` ;

CREATE TABLE IF NOT EXISTS `Wakas`.`Galgas` (
  `idGalgas` INT NOT NULL AUTO_INCREMENT,
  `idUnidadMedida` VARCHAR(45) NOT NULL,
  `Descripcion` VARCHAR(45) NULL,
  `estado` VARCHAR(45) NULL,
  PRIMARY KEY (`idGalgas`, `idUnidadMedida`),
  INDEX `fk_Galgas_UnidadMedida1_idx` (`idUnidadMedida` ASC),
  UNIQUE INDEX `idGalgas_UNIQUE` (`idGalgas` ASC),
  CONSTRAINT `fk_Galgas_UnidadMedida1`
    FOREIGN KEY (`idUnidadMedida`)
    REFERENCES `Wakas`.`UnidadMedida` (`idUnidadMedida`)
    ON DELETE NO ACTION
    ON UPDATE NO ACTION)
ENGINE = InnoDB;


-- -----------------------------------------------------
-- Table `Wakas`.`Repuestos`
-- -----------------------------------------------------
DROP TABLE IF EXISTS `Wakas`.`Repuestos` ;

CREATE TABLE IF NOT EXISTS `Wakas`.`Repuestos` (
  `idRepuestos` INT NOT NULL AUTO_INCREMENT,
  `idUnidadMedida` VARCHAR(45) NOT NULL,
  `descripcion` VARCHAR(45) NULL,
  `estado` VARCHAR(45) NULL,
  PRIMARY KEY (`idRepuestos`, `idUnidadMedida`),
  INDEX `fk_Repuestos_UnidadMedida1_idx` (`idUnidadMedida` ASC),
  UNIQUE INDEX `idRepuestos_UNIQUE` (`idRepuestos` ASC),
  CONSTRAINT `fk_Repuestos_UnidadMedida1`
    FOREIGN KEY (`idUnidadMedida`)
    REFERENCES `Wakas`.`UnidadMedida` (`idUnidadMedida`)
    ON DELETE NO ACTION
    ON UPDATE NO ACTION)
ENGINE = InnoDB;


-- -----------------------------------------------------
-- Table `Wakas`.`RepuestosMaquina`
-- -----------------------------------------------------
DROP TABLE IF EXISTS `Wakas`.`RepuestosMaquina` ;

CREATE TABLE IF NOT EXISTS `Wakas`.`RepuestosMaquina` (
  `idRepuestos` INT NOT NULL,
  `idMaquina` INT NOT NULL,
  PRIMARY KEY (`idRepuestos`, `idMaquina`),
  INDEX `fk_Repuestos_has_Maquina_Maquina1_idx` (`idMaquina` ASC),
  INDEX `fk_Repuestos_has_Maquina_Repuestos1_idx` (`idRepuestos` ASC),
  CONSTRAINT `fk_Repuestos_has_Maquina_Repuestos1`
    FOREIGN KEY (`idRepuestos`)
    REFERENCES `Wakas`.`Repuestos` (`idRepuestos`)
    ON DELETE NO ACTION
    ON UPDATE NO ACTION,
  CONSTRAINT `fk_Repuestos_has_Maquina_Maquina1`
    FOREIGN KEY (`idMaquina`)
    REFERENCES `Wakas`.`Maquina` (`idMaquina`)
    ON DELETE NO ACTION
    ON UPDATE NO ACTION)
ENGINE = InnoDB;


-- -----------------------------------------------------
-- Table `Wakas`.`RegistroIngresoSalida`
-- -----------------------------------------------------
DROP TABLE IF EXISTS `Wakas`.`RegistroIngresoSalida` ;

CREATE TABLE IF NOT EXISTS `Wakas`.`RegistroIngresoSalida` (
  `idRegistroIngresoSalida` INT NOT NULL AUTO_INCREMENT,
  `idEmpleado` VARCHAR(45) NOT NULL,
  `horaIngreso` VARCHAR(45) NULL,
  `horaSalida` VARCHAR(45) NULL,
  `fecha` VARCHAR(45) NULL,
  `estado` VARCHAR(45) NULL,
  PRIMARY KEY (`idRegistroIngresoSalida`, `idEmpleado`),
  INDEX `fk_RegistroIngresoSalida_Empleado1_idx` (`idEmpleado` ASC),
  UNIQUE INDEX `idRegistroIngresoSalida_UNIQUE` (`idRegistroIngresoSalida` ASC),
  CONSTRAINT `fk_RegistroIngresoSalida_Empleado1`
    FOREIGN KEY (`idEmpleado`)
    REFERENCES `Wakas`.`Empleado` (`idEmpleado`)
    ON DELETE NO ACTION
    ON UPDATE NO ACTION)
ENGINE = InnoDB;


-- -----------------------------------------------------
-- Table `Wakas`.`ProductoMedida`
-- -----------------------------------------------------
DROP TABLE IF EXISTS `Wakas`.`ProductoMedida` ;

CREATE TABLE IF NOT EXISTS `Wakas`.`ProductoMedida` (
  `idProducto` VARCHAR(45) NOT NULL,
  `idMedida` VARCHAR(10) NOT NULL,
  `tolerancia` VARCHAR(45) NULL,
  `observacion` VARCHAR(300) NULL,
  PRIMARY KEY (`idProducto`, `idMedida`),
  INDEX `fk_Producto_has_Medida_Medida1_idx` (`idMedida` ASC),
  INDEX `fk_Producto_has_Medida_Producto1_idx` (`idProducto` ASC),
  CONSTRAINT `fk_Producto_has_Medida_Producto1`
    FOREIGN KEY (`idProducto`)
    REFERENCES `Wakas`.`Producto` (`idProducto`)
    ON DELETE NO ACTION
    ON UPDATE NO ACTION,
  CONSTRAINT `fk_Producto_has_Medida_Medida1`
    FOREIGN KEY (`idMedida`)
    REFERENCES `Wakas`.`Medida` (`idMedida`)
    ON DELETE NO ACTION
    ON UPDATE NO ACTION)
ENGINE = InnoDB;


-- -----------------------------------------------------
-- Table `Wakas`.`ContactoTelefono`
-- -----------------------------------------------------
DROP TABLE IF EXISTS `Wakas`.`ContactoTelefono` ;

CREATE TABLE IF NOT EXISTS `Wakas`.`ContactoTelefono` (
  `idContacto` INT NOT NULL,
  `numTelefono` VARCHAR(15) NOT NULL,
  PRIMARY KEY (`idContacto`, `numTelefono`),
  INDEX `fk_Contacto_has_Telefono_Telefono1_idx` (`numTelefono` ASC),
  INDEX `fk_Contacto_has_Telefono_Contacto1_idx` (`idContacto` ASC),
  CONSTRAINT `fk_Contacto_has_Telefono_Contacto1`
    FOREIGN KEY (`idContacto`)
    REFERENCES `Wakas`.`Contacto` (`idContacto`)
    ON DELETE NO ACTION
    ON UPDATE NO ACTION,
  CONSTRAINT `fk_Contacto_has_Telefono_Telefono1`
    FOREIGN KEY (`numTelefono`)
    REFERENCES `Wakas`.`Telefono` (`numTelefono`)
    ON DELETE NO ACTION
    ON UPDATE NO ACTION)
ENGINE = InnoDB;


-- -----------------------------------------------------
-- Table `Wakas`.`Precio`
-- -----------------------------------------------------
DROP TABLE IF EXISTS `Wakas`.`Precio` ;

CREATE TABLE IF NOT EXISTS `Wakas`.`Precio` (
  `idContrato` VARCHAR(45) NOT NULL,
  `idProducto` VARCHAR(45) NOT NULL,
  `precio` VARCHAR(45) NULL,
  PRIMARY KEY (`idContrato`, `idProducto`),
  INDEX `fk_ConfirmacionVenta_has_Producto_Producto2_idx` (`idProducto` ASC),
  INDEX `fk_ConfirmacionVenta_has_Producto_ConfirmacionVenta2_idx` (`idContrato` ASC),
  CONSTRAINT `fk_ConfirmacionVenta_has_Producto_ConfirmacionVenta2`
    FOREIGN KEY (`idContrato`)
    REFERENCES `Wakas`.`ConfirmacionVenta` (`idContrato`)
    ON DELETE NO ACTION
    ON UPDATE NO ACTION,
  CONSTRAINT `fk_ConfirmacionVenta_has_Producto_Producto2`
    FOREIGN KEY (`idProducto`)
    REFERENCES `Wakas`.`Producto` (`idProducto`)
    ON DELETE NO ACTION
    ON UPDATE NO ACTION)
ENGINE = InnoDB;


-- -----------------------------------------------------
-- Table `Wakas`.`EmpleadoLote`
-- -----------------------------------------------------
DROP TABLE IF EXISTS `Wakas`.`EmpleadoLote` ;

CREATE TABLE IF NOT EXISTS `Wakas`.`EmpleadoLote` (
  `idRegistro` INT NOT NULL AUTO_INCREMENT,
  `idLote` VARCHAR(45) NOT NULL,
  `idEmpleado` VARCHAR(45) NOT NULL,
  `idProducto` VARCHAR(45) NOT NULL,
  `idProcedimiento` VARCHAR(45) NOT NULL,
  `idComponenteEspecifico` VARCHAR(45) NOT NULL,
  `idMaquina` INT NULL,
  `cantidad` INT NULL,
  `fecha` VARCHAR(45) NULL,
  PRIMARY KEY (`idRegistro`, `idLote`, `idEmpleado`, `idProducto`, `idProcedimiento`, `idComponenteEspecifico`),
  INDEX `fk_Lote_has_Empleado_Empleado1_idx` (`idEmpleado` ASC),
  INDEX `fk_EmpleadoLote_SubProceso1_idx` (`idProcedimiento` ASC),
  INDEX `fk_EmpleadoLote_ProductoComponentesPrenda1_idx` (`idComponenteEspecifico` ASC),
  INDEX `fk_EmpleadoLote_Producto1_idx` (`idProducto` ASC),
  INDEX `fk_EmpleadoLote_Lote1_idx` (`idLote` ASC),
  INDEX `fk_EmpleadoLote_Maquina1_idx` (`idMaquina` ASC),
  UNIQUE INDEX `idRegistro_UNIQUE` (`idRegistro` ASC),
  CONSTRAINT `fk_Lote_has_Empleado_Empleado1`
    FOREIGN KEY (`idEmpleado`)
    REFERENCES `Wakas`.`Empleado` (`idEmpleado`)
    ON DELETE NO ACTION
    ON UPDATE NO ACTION,
  CONSTRAINT `fk_EmpleadoLote_SubProceso1`
    FOREIGN KEY (`idProcedimiento`)
    REFERENCES `Wakas`.`SubProceso` (`idProcedimiento`)
    ON DELETE NO ACTION
    ON UPDATE NO ACTION,
  CONSTRAINT `fk_EmpleadoLote_ProductoComponentesPrenda1`
    FOREIGN KEY (`idComponenteEspecifico`)
    REFERENCES `Wakas`.`ProductoComponentesPrenda` (`idComponenteEspecifico`)
    ON DELETE NO ACTION
    ON UPDATE NO ACTION,
  CONSTRAINT `fk_EmpleadoLote_Producto1`
    FOREIGN KEY (`idProducto`)
    REFERENCES `Wakas`.`Producto` (`idProducto`)
    ON DELETE NO ACTION
    ON UPDATE NO ACTION,
  CONSTRAINT `fk_EmpleadoLote_Lote1`
    FOREIGN KEY (`idLote`)
    REFERENCES `Wakas`.`Lote` (`idLote`)
    ON DELETE NO ACTION
    ON UPDATE NO ACTION,
  CONSTRAINT `fk_EmpleadoLote_Maquina1`
    FOREIGN KEY (`idMaquina`)
    REFERENCES `Wakas`.`Maquina` (`idMaquina`)
    ON DELETE NO ACTION
    ON UPDATE NO ACTION)
ENGINE = InnoDB;


-- -----------------------------------------------------
-- Table `Wakas`.`ActividadMuerta`
-- -----------------------------------------------------
DROP TABLE IF EXISTS `Wakas`.`ActividadMuerta` ;

CREATE TABLE IF NOT EXISTS `Wakas`.`ActividadMuerta` (
  `idActividadMuerta` INT NOT NULL AUTO_INCREMENT,
  `descripcion` VARCHAR(45) NULL,
  `tiempoEstandar` VARCHAR(45) NULL,
  PRIMARY KEY (`idActividadMuerta`))
ENGINE = InnoDB;


-- -----------------------------------------------------
-- Table `Wakas`.`EmpleadoActividadMuerta`
-- -----------------------------------------------------
DROP TABLE IF EXISTS `Wakas`.`EmpleadoActividadMuerta` ;

CREATE TABLE IF NOT EXISTS `Wakas`.`EmpleadoActividadMuerta` (
  `idEmpleadoActividadMuerta` VARCHAR(45) NOT NULL,
  `idEmpleado` VARCHAR(45) NOT NULL,
  `idActividadMuerta` INT NOT NULL,
  `idMaquina` INT NULL,
  `tipo` VARCHAR(45) NULL,
  `descripcion` VARCHAR(45) NULL,
  `tiempo` VARCHAR(45) NULL,
  `fecha` VARCHAR(45) NULL,
  PRIMARY KEY (`idEmpleadoActividadMuerta`, `idEmpleado`, `idActividadMuerta`),
  INDEX `fk_Empleado_has_ActividadMuerta_ActividadMuerta1_idx` (`idActividadMuerta` ASC),
  INDEX `fk_Empleado_has_ActividadMuerta_Empleado1_idx` (`idEmpleado` ASC),
  INDEX `fk_EmpleadoActividadMuerta_Maquina1_idx` (`idMaquina` ASC),
  UNIQUE INDEX `idEmpleadoActividadMuerta_UNIQUE` (`idEmpleadoActividadMuerta` ASC),
  CONSTRAINT `fk_Empleado_has_ActividadMuerta_Empleado1`
    FOREIGN KEY (`idEmpleado`)
    REFERENCES `Wakas`.`Empleado` (`idEmpleado`)
    ON DELETE NO ACTION
    ON UPDATE NO ACTION,
  CONSTRAINT `fk_Empleado_has_ActividadMuerta_ActividadMuerta1`
    FOREIGN KEY (`idActividadMuerta`)
    REFERENCES `Wakas`.`ActividadMuerta` (`idActividadMuerta`)
    ON DELETE NO ACTION
    ON UPDATE NO ACTION,
  CONSTRAINT `fk_EmpleadoActividadMuerta_Maquina1`
    FOREIGN KEY (`idMaquina`)
    REFERENCES `Wakas`.`Maquina` (`idMaquina`)
    ON DELETE NO ACTION
    ON UPDATE NO ACTION)
ENGINE = InnoDB;


-- -----------------------------------------------------
-- Table `Wakas`.`ProveedorSubproceso`
-- -----------------------------------------------------
DROP TABLE IF EXISTS `Wakas`.`ProveedorSubproceso` ;

CREATE TABLE IF NOT EXISTS `Wakas`.`ProveedorSubproceso` (
  `idProcedimiento` VARCHAR(45) NOT NULL,
  `idProveedor` VARCHAR(45) NOT NULL,
  `costo` VARCHAR(45) NULL,
  PRIMARY KEY (`idProcedimiento`, `idProveedor`),
  INDEX `fk_SubProceso_has_Proveedor_Proveedor1_idx` (`idProveedor` ASC),
  INDEX `fk_SubProceso_has_Proveedor_SubProceso1_idx` (`idProcedimiento` ASC),
  CONSTRAINT `fk_SubProceso_has_Proveedor_SubProceso1`
    FOREIGN KEY (`idProcedimiento`)
    REFERENCES `Wakas`.`SubProceso` (`idProcedimiento`)
    ON DELETE NO ACTION
    ON UPDATE NO ACTION,
  CONSTRAINT `fk_SubProceso_has_Proveedor_Proveedor1`
    FOREIGN KEY (`idProveedor`)
    REFERENCES `Wakas`.`Proveedor` (`idProveedor`)
    ON DELETE NO ACTION
    ON UPDATE NO ACTION)
ENGINE = InnoDB;


-- -----------------------------------------------------
-- Table `Wakas`.`MaquinaSubproceso`
-- -----------------------------------------------------
DROP TABLE IF EXISTS `Wakas`.`MaquinaSubproceso` ;

CREATE TABLE IF NOT EXISTS `Wakas`.`MaquinaSubproceso` (
  `idMaquina` INT NOT NULL,
  `idGalgas` INT NULL,
  `idProcedimiento` VARCHAR(45) NOT NULL,
  INDEX `fk_SubProceso_has_Maquina_Maquina1_idx` (`idMaquina` ASC),
  INDEX `fk_SubProceso_has_Maquina_SubProceso1_idx` (`idProcedimiento` ASC),
  INDEX `fk_SubProceso_has_Maquina_Galgas1_idx` (`idGalgas` ASC),
  CONSTRAINT `fk_SubProceso_has_Maquina_SubProceso1`
    FOREIGN KEY (`idProcedimiento`)
    REFERENCES `Wakas`.`SubProceso` (`idProcedimiento`)
    ON DELETE NO ACTION
    ON UPDATE NO ACTION,
  CONSTRAINT `fk_SubProceso_has_Maquina_Maquina1`
    FOREIGN KEY (`idMaquina`)
    REFERENCES `Wakas`.`Maquina` (`idMaquina`)
    ON DELETE NO ACTION
    ON UPDATE NO ACTION,
  CONSTRAINT `fk_SubProceso_has_Maquina_Galgas1`
    FOREIGN KEY (`idGalgas`)
    REFERENCES `Wakas`.`Galgas` (`idGalgas`)
    ON DELETE NO ACTION
    ON UPDATE NO ACTION)
ENGINE = InnoDB;


-- -----------------------------------------------------
-- Table `Wakas`.`Caracteristica`
-- -----------------------------------------------------
DROP TABLE IF EXISTS `Wakas`.`Caracteristica` ;

CREATE TABLE IF NOT EXISTS `Wakas`.`Caracteristica` (
  `idCaracteristica` INT NOT NULL AUTO_INCREMENT,
  `descripcion` VARCHAR(100) NULL,
  `tipo` VARCHAR(45) NULL,
  PRIMARY KEY (`idCaracteristica`),
  UNIQUE INDEX `idCaracteristica_UNIQUE` (`idCaracteristica` ASC))
ENGINE = InnoDB;


-- -----------------------------------------------------
-- Table `Wakas`.`SubProcesoCaracteristica`
-- -----------------------------------------------------
DROP TABLE IF EXISTS `Wakas`.`SubProcesoCaracteristica` ;

CREATE TABLE IF NOT EXISTS `Wakas`.`SubProcesoCaracteristica` (
  `idSubProcesoCaracteristica` VARCHAR(45) NOT NULL,
  `idProcedimiento` VARCHAR(45) NOT NULL,
  `idCaracteristica` INT NOT NULL,
  `tipo` VARCHAR(45) NULL,
  PRIMARY KEY (`idSubProcesoCaracteristica`, `idProcedimiento`, `idCaracteristica`),
  INDEX `fk_SubProceso_has_Caracteristica_SubProceso1_idx` (`idProcedimiento` ASC),
  UNIQUE INDEX `idSubProcesoCaracteristica_UNIQUE` (`idSubProcesoCaracteristica` ASC),
  INDEX `fk_SubProcesoCaracteristica_Caracteristica1_idx` (`idCaracteristica` ASC),
  CONSTRAINT `fk_SubProceso_has_Caracteristica_SubProceso1`
    FOREIGN KEY (`idProcedimiento`)
    REFERENCES `Wakas`.`SubProceso` (`idProcedimiento`)
    ON DELETE NO ACTION
    ON UPDATE NO ACTION,
  CONSTRAINT `fk_SubProcesoCaracteristica_Caracteristica1`
    FOREIGN KEY (`idCaracteristica`)
    REFERENCES `Wakas`.`Caracteristica` (`idCaracteristica`)
    ON DELETE NO ACTION
    ON UPDATE NO ACTION)
ENGINE = InnoDB;


-- -----------------------------------------------------
-- Table `Wakas`.`PCPSPC`
-- -----------------------------------------------------
DROP TABLE IF EXISTS `Wakas`.`PCPSPC` ;

CREATE TABLE IF NOT EXISTS `Wakas`.`PCPSPC` (
  `idPCPSPC` VARCHAR(45) NOT NULL,
  `idComponenteEspecifico` VARCHAR(45) NOT NULL,
  `idSubProcesoCaracteristica` VARCHAR(45) NOT NULL,
  `valor` VARCHAR(600) NULL,
  `fila` VARCHAR(45) NULL,
  PRIMARY KEY (`idPCPSPC`, `idComponenteEspecifico`, `idSubProcesoCaracteristica`),
  INDEX `fk_ProductoComponentesPrenda_has_SubProcesoCaracteristica_S_idx` (`idSubProcesoCaracteristica` ASC),
  INDEX `fk_ProductoComponentesPrenda_has_SubProcesoCaracteristica_P_idx` (`idComponenteEspecifico` ASC),
  UNIQUE INDEX `idPCPSPC_UNIQUE` (`idPCPSPC` ASC),
  CONSTRAINT `fk_ProductoComponentesPrenda_has_SubProcesoCaracteristica_Pro1`
    FOREIGN KEY (`idComponenteEspecifico`)
    REFERENCES `Wakas`.`ProductoComponentesPrenda` (`idComponenteEspecifico`)
    ON DELETE NO ACTION
    ON UPDATE NO ACTION,
  CONSTRAINT `fk_ProductoComponentesPrenda_has_SubProcesoCaracteristica_Sub1`
    FOREIGN KEY (`idSubProcesoCaracteristica`)
    REFERENCES `Wakas`.`SubProcesoCaracteristica` (`idSubProcesoCaracteristica`)
    ON DELETE NO ACTION
    ON UPDATE NO ACTION)
ENGINE = InnoDB;


-- -----------------------------------------------------
-- Table `Wakas`.`PCPMaterialColor`
-- -----------------------------------------------------
DROP TABLE IF EXISTS `Wakas`.`PCPMaterialColor` ;

CREATE TABLE IF NOT EXISTS `Wakas`.`PCPMaterialColor` (
  `idComponenteEspecifico` VARCHAR(45) NOT NULL,
  `idMaterial` INT NOT NULL,
  `idColor` VARCHAR(45) NOT NULL,
  PRIMARY KEY (`idComponenteEspecifico`, `idMaterial`, `idColor`),
  INDEX `fk_ProductoComponentesPrenda_has_Material_Material1_idx` (`idMaterial` ASC),
  INDEX `fk_ProductoComponentesPrenda_has_Material_ProductoComponent_idx` (`idComponenteEspecifico` ASC),
  INDEX `fk_PCPMaterialColor_Color1_idx` (`idColor` ASC),
  CONSTRAINT `fk_ProductoComponentesPrenda_has_Material_ProductoComponentes1`
    FOREIGN KEY (`idComponenteEspecifico`)
    REFERENCES `Wakas`.`ProductoComponentesPrenda` (`idComponenteEspecifico`)
    ON DELETE NO ACTION
    ON UPDATE NO ACTION,
  CONSTRAINT `fk_ProductoComponentesPrenda_has_Material_Material1`
    FOREIGN KEY (`idMaterial`)
    REFERENCES `Wakas`.`Material` (`idMaterial`)
    ON DELETE NO ACTION
    ON UPDATE NO ACTION,
  CONSTRAINT `fk_PCPMaterialColor_Color1`
    FOREIGN KEY (`idColor`)
    REFERENCES `Wakas`.`Color` (`idColor`)
    ON DELETE NO ACTION
    ON UPDATE NO ACTION)
ENGINE = InnoDB;


SET SQL_MODE=@OLD_SQL_MODE;
SET FOREIGN_KEY_CHECKS=@OLD_FOREIGN_KEY_CHECKS;
SET UNIQUE_CHECKS=@OLD_UNIQUE_CHECKS;

-- -----------------------------------------------------
-- Data for table `Wakas`.`TipoUsuario`
-- -----------------------------------------------------
START TRANSACTION;
USE `Wakas`;
INSERT INTO `Wakas`.`TipoUsuario` (`idTipoUsuario`, `Descripcion`) VALUES (1, 'Administrador');
INSERT INTO `Wakas`.`TipoUsuario` (`idTipoUsuario`, `Descripcion`) VALUES (2, 'Colaborador');

COMMIT;


-- -----------------------------------------------------
-- Data for table `Wakas`.`Empleado`
-- -----------------------------------------------------
START TRANSACTION;
USE `Wakas`;
INSERT INTO `Wakas`.`Empleado` (`idEmpleado`, `idTipoUsuario`, `nombres`, `apellidos`, `usuario`, `contrasena`, `estado`) VALUES ('46815198', 2, 'Ignacio', 'Rondon Gonzalez', 'irondon', '1234', '1');
INSERT INTO `Wakas`.`Empleado` (`idEmpleado`, `idTipoUsuario`, `nombres`, `apellidos`, `usuario`, `contrasena`, `estado`) VALUES ('71140383', 1, 'Joaquin', 'Rivera Lopez', 'jrivera', '1234', '1');

COMMIT;


-- -----------------------------------------------------
-- Data for table `Wakas`.`Genero`
-- -----------------------------------------------------
START TRANSACTION;
USE `Wakas`;
INSERT INTO `Wakas`.`Genero` (`idgenero`, `descripcion`) VALUES (1, 'Varon');
INSERT INTO `Wakas`.`Genero` (`idgenero`, `descripcion`) VALUES (2, 'Dama');
INSERT INTO `Wakas`.`Genero` (`idgenero`, `descripcion`) VALUES (3, 'Niño');
INSERT INTO `Wakas`.`Genero` (`idgenero`, `descripcion`) VALUES (4, 'Niña');

COMMIT;


-- -----------------------------------------------------
-- Data for table `Wakas`.`codificacionTalla`
-- -----------------------------------------------------
START TRANSACTION;
USE `Wakas`;
INSERT INTO `Wakas`.`codificacionTalla` (`idcodificacionTalla`, `descripcion`) VALUES (1, 'General');
INSERT INTO `Wakas`.`codificacionTalla` (`idcodificacionTalla`, `descripcion`) VALUES (2, 'Nórdico');
INSERT INTO `Wakas`.`codificacionTalla` (`idcodificacionTalla`, `descripcion`) VALUES (3, 'Infantil');

COMMIT;


-- -----------------------------------------------------
-- Data for table `Wakas`.`UnidadMedida`
-- -----------------------------------------------------
START TRANSACTION;
USE `Wakas`;
INSERT INTO `Wakas`.`UnidadMedida` (`idUnidadMedida`) VALUES ('cm');
INSERT INTO `Wakas`.`UnidadMedida` (`idUnidadMedida`) VALUES ('pulg');
INSERT INTO `Wakas`.`UnidadMedida` (`idUnidadMedida`) VALUES ('Kg');
INSERT INTO `Wakas`.`UnidadMedida` (`idUnidadMedida`) VALUES ('Lt');
INSERT INTO `Wakas`.`UnidadMedida` (`idUnidadMedida`) VALUES ('Unidad');
INSERT INTO `Wakas`.`UnidadMedida` (`idUnidadMedida`) VALUES ('Minutos');

COMMIT;


-- -----------------------------------------------------
-- Data for table `Wakas`.`Medida`
-- -----------------------------------------------------
START TRANSACTION;
USE `Wakas`;
INSERT INTO `Wakas`.`Medida` (`idMedida`, `idUnidadMedida`, `descripcion`) VALUES ('O', 'cm', 'Largo de Prenda');
INSERT INTO `Wakas`.`Medida` (`idMedida`, `idUnidadMedida`, `descripcion`) VALUES ('X', 'cm', 'Largo Prenda Delantera');
INSERT INTO `Wakas`.`Medida` (`idMedida`, `idUnidadMedida`, `descripcion`) VALUES ('C', 'cm', 'Ancho de Prenda');
INSERT INTO `Wakas`.`Medida` (`idMedida`, `idUnidadMedida`, `descripcion`) VALUES ('A', 'cm', 'Ancho de Hombro a Hombro');
INSERT INTO `Wakas`.`Medida` (`idMedida`, `idUnidadMedida`, `descripcion`) VALUES ('H.Ext', 'cm', 'Ancho de Cuello Exterior');
INSERT INTO `Wakas`.`Medida` (`idMedida`, `idUnidadMedida`, `descripcion`) VALUES ('H.Int', 'cm', 'Ancho de Cuello Interior');
INSERT INTO `Wakas`.`Medida` (`idMedida`, `idUnidadMedida`, `descripcion`) VALUES ('U.Del', 'cm', 'Profundidad de Escote Delantero');
INSERT INTO `Wakas`.`Medida` (`idMedida`, `idUnidadMedida`, `descripcion`) VALUES ('U.Esp', 'cm', 'Profundidad de Escote Espalda');
INSERT INTO `Wakas`.`Medida` (`idMedida`, `idUnidadMedida`, `descripcion`) VALUES ('K', 'cm', 'Largo de Siza');
INSERT INTO `Wakas`.`Medida` (`idMedida`, `idUnidadMedida`, `descripcion`) VALUES ('E', 'cm', 'Largo de Manga');
INSERT INTO `Wakas`.`Medida` (`idMedida`, `idUnidadMedida`, `descripcion`) VALUES ('Y', 'cm', 'Largo de Manga Bajo la Siza');
INSERT INTO `Wakas`.`Medida` (`idMedida`, `idUnidadMedida`, `descripcion`) VALUES ('S', 'cm', 'Ancho de Puno');
INSERT INTO `Wakas`.`Medida` (`idMedida`, `idUnidadMedida`, `descripcion`) VALUES ('R', 'cm', 'Abertura');
INSERT INTO `Wakas`.`Medida` (`idMedida`, `idUnidadMedida`, `descripcion`) VALUES ('M', 'cm', 'Alto de Cuello');
INSERT INTO `Wakas`.`Medida` (`idMedida`, `idUnidadMedida`, `descripcion`) VALUES ('N', 'cm', 'Bajada de Hombro');
INSERT INTO `Wakas`.`Medida` (`idMedida`, `idUnidadMedida`, `descripcion`) VALUES ('F', 'cm', 'Ancho de Manga');

COMMIT;


-- -----------------------------------------------------
-- Data for table `Wakas`.`Talla`
-- -----------------------------------------------------
START TRANSACTION;
USE `Wakas`;
INSERT INTO `Wakas`.`Talla` (`idTalla`, `descripcion`, `idcodificacionTalla`) VALUES (1, 'XXS', 1);
INSERT INTO `Wakas`.`Talla` (`idTalla`, `descripcion`, `idcodificacionTalla`) VALUES (2, 'XS', 1);
INSERT INTO `Wakas`.`Talla` (`idTalla`, `descripcion`, `idcodificacionTalla`) VALUES (3, 'S', 1);
INSERT INTO `Wakas`.`Talla` (`idTalla`, `descripcion`, `idcodificacionTalla`) VALUES (4, 'M', 1);
INSERT INTO `Wakas`.`Talla` (`idTalla`, `descripcion`, `idcodificacionTalla`) VALUES (5, 'L', 1);
INSERT INTO `Wakas`.`Talla` (`idTalla`, `descripcion`, `idcodificacionTalla`) VALUES (6, 'XL', 1);
INSERT INTO `Wakas`.`Talla` (`idTalla`, `descripcion`, `idcodificacionTalla`) VALUES (7, 'XXL', 1);
INSERT INTO `Wakas`.`Talla` (`idTalla`, `descripcion`, `idcodificacionTalla`) VALUES (8, 'TU', 1);

COMMIT;


-- -----------------------------------------------------
-- Data for table `Wakas`.`Color`
-- -----------------------------------------------------
START TRANSACTION;
USE `Wakas`;
INSERT INTO `Wakas`.`Color` (`idColor`, `descripcion`) VALUES ('4345', 'Berengena');
INSERT INTO `Wakas`.`Color` (`idColor`, `descripcion`) VALUES ('SFN75', 'Gris Oscuro');
INSERT INTO `Wakas`.`Color` (`idColor`, `descripcion`) VALUES ('O528', 'Marron Claro');
INSERT INTO `Wakas`.`Color` (`idColor`, `descripcion`) VALUES ('SFN50', 'Negro');

COMMIT;


-- -----------------------------------------------------
-- Data for table `Wakas`.`ComponentesPrenda`
-- -----------------------------------------------------
START TRANSACTION;
USE `Wakas`;
INSERT INTO `Wakas`.`ComponentesPrenda` (`idComponente`, `descripcion`, `tipo`) VALUES (1, 'Prenda', '1');
INSERT INTO `Wakas`.`ComponentesPrenda` (`idComponente`, `descripcion`, `tipo`) VALUES (2, 'Delantera Derecha', '1');
INSERT INTO `Wakas`.`ComponentesPrenda` (`idComponente`, `descripcion`, `tipo`) VALUES (3, 'Delantera Izquierda', '1');
INSERT INTO `Wakas`.`ComponentesPrenda` (`idComponente`, `descripcion`, `tipo`) VALUES (4, 'Espalda', '1');
INSERT INTO `Wakas`.`ComponentesPrenda` (`idComponente`, `descripcion`, `tipo`) VALUES (5, 'Mangas', '1');
INSERT INTO `Wakas`.`ComponentesPrenda` (`idComponente`, `descripcion`, `tipo`) VALUES (6, 'Banda', '1');
INSERT INTO `Wakas`.`ComponentesPrenda` (`idComponente`, `descripcion`, `tipo`) VALUES (7, 'Pretinas Bolsillo', '1');
INSERT INTO `Wakas`.`ComponentesPrenda` (`idComponente`, `descripcion`, `tipo`) VALUES (8, 'Bolsillos Exterior', '1');
INSERT INTO `Wakas`.`ComponentesPrenda` (`idComponente`, `descripcion`, `tipo`) VALUES (9, 'Hombros', '2');
INSERT INTO `Wakas`.`ComponentesPrenda` (`idComponente`, `descripcion`, `tipo`) VALUES (10, 'Sizas', '2');
INSERT INTO `Wakas`.`ComponentesPrenda` (`idComponente`, `descripcion`, `tipo`) VALUES (11, 'Cerrado', '2');
INSERT INTO `Wakas`.`ComponentesPrenda` (`idComponente`, `descripcion`, `tipo`) VALUES (12, 'Cuello', '2');
INSERT INTO `Wakas`.`ComponentesPrenda` (`idComponente`, `descripcion`, `tipo`) VALUES (13, 'Bolsillo', '2');

COMMIT;


-- -----------------------------------------------------
-- Data for table `Wakas`.`Incoterms`
-- -----------------------------------------------------
START TRANSACTION;
USE `Wakas`;
INSERT INTO `Wakas`.`Incoterms` (`idIncoterm`, `descripcion`) VALUES (1, 'FOB');
INSERT INTO `Wakas`.`Incoterms` (`idIncoterm`, `descripcion`) VALUES (2, 'CIF');
INSERT INTO `Wakas`.`Incoterms` (`idIncoterm`, `descripcion`) VALUES (3, 'CFR');
INSERT INTO `Wakas`.`Incoterms` (`idIncoterm`, `descripcion`) VALUES (4, 'DAP');

COMMIT;


-- -----------------------------------------------------
-- Data for table `Wakas`.`Via`
-- -----------------------------------------------------
START TRANSACTION;
USE `Wakas`;
INSERT INTO `Wakas`.`Via` (`idVia`, `descripcion`) VALUES (1, 'Aire');
INSERT INTO `Wakas`.`Via` (`idVia`, `descripcion`) VALUES (2, 'Tierra');
INSERT INTO `Wakas`.`Via` (`idVia`, `descripcion`) VALUES (3, 'Mar');

COMMIT;


-- -----------------------------------------------------
-- Data for table `Wakas`.`MetodoPago`
-- -----------------------------------------------------
START TRANSACTION;
USE `Wakas`;
INSERT INTO `Wakas`.`MetodoPago` (`idMetodoPago`, `descripcion`) VALUES (1, 'Contado');

COMMIT;


-- -----------------------------------------------------
-- Data for table `Wakas`.`Pais`
-- -----------------------------------------------------
START TRANSACTION;
USE `Wakas`;
INSERT INTO `Wakas`.`Pais` (`idPais`, `pais`) VALUES (1, 'Alemania');
INSERT INTO `Wakas`.`Pais` (`idPais`, `pais`) VALUES (2, 'Peru');
INSERT INTO `Wakas`.`Pais` (`idPais`, `pais`) VALUES (3, 'Espana');

COMMIT;


-- -----------------------------------------------------
-- Data for table `Wakas`.`Ciudad`
-- -----------------------------------------------------
START TRANSACTION;
USE `Wakas`;
INSERT INTO `Wakas`.`Ciudad` (`idCiudad`, `idPais`, `nombre`) VALUES (1, 2, 'Arequipa');
INSERT INTO `Wakas`.`Ciudad` (`idCiudad`, `idPais`, `nombre`) VALUES (2, 2, 'Lima');
INSERT INTO `Wakas`.`Ciudad` (`idCiudad`, `idPais`, `nombre`) VALUES (3, 2, 'Cusco');
INSERT INTO `Wakas`.`Ciudad` (`idCiudad`, `idPais`, `nombre`) VALUES (4, 3, 'Barcelona');
INSERT INTO `Wakas`.`Ciudad` (`idCiudad`, `idPais`, `nombre`) VALUES (5, 3, 'Madrid');
INSERT INTO `Wakas`.`Ciudad` (`idCiudad`, `idPais`, `nombre`) VALUES (6, 1, 'Frankfurt');
INSERT INTO `Wakas`.`Ciudad` (`idCiudad`, `idPais`, `nombre`) VALUES (7, 1, 'Berlin');
INSERT INTO `Wakas`.`Ciudad` (`idCiudad`, `idPais`, `nombre`) VALUES (8, 1, 'Dortmund');

COMMIT;


-- -----------------------------------------------------
-- Data for table `Wakas`.`Proceso`
-- -----------------------------------------------------
START TRANSACTION;
USE `Wakas`;
INSERT INTO `Wakas`.`Proceso` (`idProceso`, `descripcion`, `tipo`, `estado`) VALUES ('PROCESO1', 'Tejido', '1', '1');
INSERT INTO `Wakas`.`Proceso` (`idProceso`, `descripcion`, `tipo`, `estado`) VALUES ('PROCESO2', 'Lavado', '1', '1');
INSERT INTO `Wakas`.`Proceso` (`idProceso`, `descripcion`, `tipo`, `estado`) VALUES ('PROCESO3', 'Acondicionamiento de Material', '2', '1');
INSERT INTO `Wakas`.`Proceso` (`idProceso`, `descripcion`, `tipo`, `estado`) VALUES ('PROCESO4', 'Confeccion', '1', '1');
INSERT INTO `Wakas`.`Proceso` (`idProceso`, `descripcion`, `tipo`, `estado`) VALUES ('PROCESO5', 'Control de Calidad', '2', '1');
INSERT INTO `Wakas`.`Proceso` (`idProceso`, `descripcion`, `tipo`, `estado`) VALUES ('PROCESO6', 'Acondicionamiento', '1', '1');
INSERT INTO `Wakas`.`Proceso` (`idProceso`, `descripcion`, `tipo`, `estado`) VALUES ('PROCESO7', 'Tiempos y Secuencia', '1', '1');

COMMIT;

